{
    "ambientocclusion": false,
    "parent": "minecraft:block/cube_all",
    "textures": {
        "all": "minecraft:block/light_gray_terracotta"
    },
    "elements": [
        {   
            "from": [ 0, 0, 0 ],
            "to": [ 16, 16, 16 ],
            "shade": false,
            "faces": {
                "down":  { "texture": "#particle", "cullface": "down" },
                "up":    { "texture": "#particle", "cullface": "up" },
                "north": { "texture": "#particle", "cullface": "north" },
                "south": { "texture": "#particle", "cullface": "south" },
                "west":  { "texture": "#particle", "cullface": "west" },
                "east":  { "texture": "#particle", "cullface": "east" }
            }
        }
    ]
}