{
    "ambientocclusion": false,
    "textures": {
        "particle": "#pattern"
    },
    "parent": "block/cube",
    "elements": [
        {   "from": [ 0, 0, 0 ],
            "to": [ 16, 16, 16 ],
            "shade": false,
            "faces": {
                "down":  { "uv": [ 0,  0, 16, 16 ], "texture": "#pattern", "cullface": "down" },
                "up":    { "uv": [ 0,  0, 16, 16 ], "texture": "#pattern", "cullface": "up" },
                "north": { "uv": [ 0,  0, 16, 16 ], "texture": "#pattern", "cullface": "north", "rotation": 90 },
                "south": { "uv": [ 0,  0, 16, 16 ], "texture": "#pattern", "cullface": "south", "rotation": 270 },
                "west":  { "uv": [ 0,  0, 16, 16 ], "texture": "#pattern", "cullface": "west", "rotation": 0 },
                "east":  { "uv": [ 0,  0, 16, 16 ], "texture": "#pattern", "cullface": "east", "rotation": 180 }
            }
        }
    ]
}